what county,7919
what airport,197
where,12176
what,1053
what area,30
what bay,3
what beach,20
what building code,2
what business,1
what city,313
what continent,115
what county in north carolina,1
what county in pennsylvania,3
what denomination,1
what desert,5
what district,51
what embassies,1
what garden zone,2
what gardening zone,1
what geographical region,1
what german state,1
what gulf,1
what hospital,3
what island,38
what judicial district,1
what mexican city,1
what municipality code,1
what neighborhood,13
what ocean,32
what parish,103
what part of florida,2
what peninsula,5
what planting zone,14
what prison,6
what province,42
what region,130
what restaurant,9
what sea,11
what state,330
what state of mexico,2
what terminal,26
what theater,2
what three continent,2
what time zone,138
what town in kansas,1
what town,99
what township,55
what two borders,1
when,12
what where,1
what zone,34
which,95
which borough,2
which city,17
which climate,1
which county in alabama,1
which county,181
which japanese city,1
which of the following region,1
which parish,2
which park,1
which part of india,1
which plate boundary,4
which state,54
which time zone,2
what congressional district,14
what hemisphere,6
what church,1
what city in texas,1
what country,41
what growing zone,8
in what region of the world,2
what building,10
what area of los angeles,1
in what time zone,3
what hotel,8
what county in nys,9
what county and zip code,1
what city in pennsylvania,1
what city in ontario,1
what area code,16
what area of town denver,1
what casinos,3
what province in spain,1
in what county,8
what naia terminal,1
what region of asia,2
what two modern nations,1
where in the world,8
what month,1
which airport,48
which island,12
what major airport,5
what zone for flowers,1
what street flood,1
which climate zone,1
which part of south africa,1
which country,13
which neighborhood,1
what park,3
which island in africa,1
what suburb,2
what tax region,1
what part of texas,3
what two european nations,1
what region of the world,4
what province in egypt,1
which princess castle,1
what side of the island,1
on what peninsula,1
what region of the earth,1
what type of city,1
what terminal at lax,1
what nations,1
what region of italy,3
which part of nyc,1
what shape state,1
what state district,2
what town in washington,1
what nation,7
which district,3
which geographic factor,1
what hardiness zone,3
what courthouse,2
what borough,7
what hiking trails,1
what coastal town,1
what australian state,2
what international airport,1
what ariports,16
what attractions,5
what region of germany,1
what county in arkansas,1
what county of florida,2
on what island,2
what information,1
what fire district,1
what bridge,4
what airport in florida,2
what campground,1
what district in panama,1
what county in ohio,1
what danish region,1
what apartment complexes,1
what county in georgia,2
what county in arizona,1
what cold hardiness zone,1
what castle,3
what county in ireland,1
what hotel in jekyll island,1
what county in california,2
what city code,1
what county in kentucky,2
what chicago neighborhood,1
what exit,1
what county in new york,1
what agriculture zone,2
what county in massachusetts,1
what area of the brain,1
what amenities,1
what county in calif,1
what apartment complex in north little rock arkansas,1
what county of virginia,1
what canyon,2
what climate zone,3
in which region,1
what county in texas,2
what airport services,2
what area of memphis,1
what arrondissement,1
what facilities,1
what car rentals,1
what boundary,1
what expressway,1
what city and state,1
what county in florida,7
what city and county,1
what city in georgia,1
what city in united states,1
what hotel in ocean city,1
what heritage,2
what canadian province,4
what county of iowa,1
what county in mississippi,2
what county in virginia,1
what important building,1
what airport in rome,1
what geographic feature,1
what county in indiana,1
what airport code,2
what airport in bahamas,1
what ancient city,1
what district in nevada,1
what bus area,1
what base,1
what cu county,1
what historical place,1
in which continent,2
what european nation,1
what area of mississippi,1
what dome stadium,1
what future state,1
what car rental place,1
what hemispheres,1
what region of united states,1
what flat land,1
what part of germany,2
what county of ontario,1
what geographic region,1
what 3 state,1
what cold zone,1
what abbreviation,1
what county in iowa,2
what coast,1
what cirduit,1
what city in louisiana,1
what important facilities,1
what famous building,1
what area of turkey,1
what camping spots,1
what county in missouri,1
in which county,5
what cemetery,1
what body of water,2
what chinese province,1
what area of the us,1
what county in washington,1
what city or town,1
what aspect of woodrow wilson s fourteen point,1
what county in maryland,1
what era,1
what jurisdiction,1
what city of iowa,1
in what province,1
what city in michigan,1
what museum,6
what nationality,8
how,3
what part of europe,4
in which state,2
what plateau,1
what county of kentucky,1
what region of the brain,1
what route,2
what route name,1
what historic campaign,1
what station,1
what time zone e,1
what county municipality,1
in what state,1
what county zip code,1
what florida town,1
what area of africa,1
what hotel in yarmouth,1
what wind zone,1
what city in iowa,1
what assisted living place,1
what municipality,6
what military base,2
where abouts,1
what place,14
what new york city subways,1
what light rail location,1
where and when,5
which level trauma center,1
what part of the algarve,1
what street,15
what kind of town,2
which terminal,4
which region,11
what plain,1
what land,5
which bridge in grand forks,1
which restaurant in st kitts,1
where in ancient egypt,1
which building,2
what london airport,1
what kind of city,1
how for,1
which ocean,5
which mountainous range,1
what road,2
which european nation,2
what state or province,2
what london borough,1
what library district,1
which bay,2
which county in wisconsin,1
which continent,18
what town atlas,1
which hospital,3
which major viticultural area in california,1
which nation,2
what state initials,1
what real life city,1
what landform,1
which train,1
which restaurant,3
which site,1
what type of landscape region,1
which township,1
where else,2
which highway,2
which part of europe,1
which desert,2
what s what city,1
what part of the state of mississippi,1
what location,7
what seafaring culture,1
which campground,1
what tucson hospital,1
what kind of neighborhood,1
which hotel,2
what park in australia,1
what part of california,3
what region or county,1
what physiographic province,1
which area,2
which postal zone,1
what island in hawaii,1
which place,3
which province,6
what wildlife,1
what part of macon georgia,1
what territory,7
which hemisphere,1
where far,1
which town,2
what santa clara county supervisorial district,1
which state of india,1
what kind of an island,1
which airport code,1
what area of town,1
what southwest airport,1
which part of earth,1
what koppen region,1
what casino,2
why,3
what part of tacoma,1
what state s abbreviation,1
what island nation,1
what region of the united states,1
which indonesian island,1
which of the following country,1
what modern day peninsula,1
which place in the united states,1
which of these country,1
which region of france,1
what time,3
what nyc borough,1
where and what,1
what state in mexico,2
what tricare region,1
what region of scotland,1
in which year,1
what location of the chest,1
which part spain,1
which island of hawaii,1
what level,1
where about,1
which of these area,1
how bridge,1
what part of van buren county,1
which blm,1
what county of nevada,1
what season,1
what street gas,1
what nebraska county and county,1
what region in vermont,1
what part of the world,1
what or where,1
what navy bases,1
which sub county,1
what region of texas,3
which part of the state,1
which plant zone,1
what part of arkansas,1
what other attractions,1
on what sea,1
what landscape zone,1
which country in asia,1
what region of costa rica,1
what mansion,1
what town coal mine tractor,1
which congressional district,2
what popular area,1
what state province,1
what new building,1
which beach,3
which rivers,1
what type of suburb,1
what neighborhood of atlanta,1
which metropolitan statistical area,1
where in mexico,1
which peninsula,1
what region of africa,1
what zip,1
what neighborhood in boston,1
what tourist attractions,1
what county and township,2
what medicare region,1
what region in italy,1
where in the usa,1
what number state,1
what river,1
what military bases,1
what postal address,1
whose territory,1
which resort,1
which judicial district,1
what venue,1
what region of wisconsin,1
what region number,1
which street,2
which of the following individuals,1
what two independent country,1
what sea level,1
which part of kentucky,1
what state of the usa,1
what large city,2
what missouri county,1
what region of florida,1
what area of bangkok,1
what state of matter,1
what wisconsin airport,1
which municipality,1
what part of town,3
which correctional facility,1
which center point of a triangle,1
which stadium,1
what state route,1
what s,1
which road,1
what part of mexico,2
what region of new hampshire,1
what state border,2
what part of india,2
what terminal ryanair,1
what state senate district,1
what seismic zone,1
who,1
what part of tennessee,1
what territory in the us,1
which economy,1
what plate boundary,2
what house,2
what part of london,1
which wind,1
what locality,1
what part of n y state,1
what province of brazil,1
in what group of island,1
what region of indiana,1
which canadian province,1
which french city,1
what part of region,1
what province or state,1
what county in maine,1
what plaza,1
which location,3
what part of august alsina,1
which county in maryland,1
what original county,1
where r,1
which island in seychelles,1
which region of belgium,1
what region of georgia,1
what state in chile,1
what type of climate,1
what latitude,1
what tax county,1
where in pretoria,1
which gulf coast state,1
what name,1
what type plate boundary,1
what two country,1
which region of italy,1
which rebellious region of russia,1
which island of new zealand,1
where us,1
what part of buford georgia,1
what part of spain,1
what tomb,1
what square in savannah,1
what voting district,1
which watershed,1
what sentencing district,1
what foreign nations,1
what state statutory law protects,1
what region of the netherlands,1
what jury district,1
what trail,1
what city and town,1
what parking lot,1
which facility,1
what town in new york,1
what section township range,1
what part of australia,1
what state initial,1
what part of louisiana,1
what state officer,1
what town in laffayette county,1
what part of pittsburgh,1
which sea,1
what part of maine,1
what region of spain,1
which hwy,1
what usda zone,1
what state motto,1
what setting,1
which island in japan,1
what major ariports,1
what region in africa,1
what county in new jersey,1
what aboriginal country,1
what city in turkey,1
what county in west virginia,1
what town in the mountain region,1
what state symbol,1
what island in washington,1
what part of oklahoma,1
what part of kentucky,1
what three states,1
what base in alaska,1
what continent part of the world,1
what type of region,1
at what sea level,1
what republic,1
what croatian airport,1
what sort of island,1
what part of the bahamas,1
what federal congressional district,1
what county in,1
what district in michigan,1
what county of new york state,1
what correctional facility in michigan,1
what australian park,1
what american city,1
in what place,1
what building use,1
what camping area,1
what camp,1
what county parish,1
