music,4
venues,1
ariports,22
code,30
denomination,1
embassies,1
garden,2
gardening,1
score,2
address,19
logues,1
ridgeway,1
chicago,1
forecast,1
time,162
longitude,11
latitude,8
name,82
part,59
planting,15
prison,9
terminal,39
borders,3
casino,9
allies,1
weather,21
today,6
hillocks,1
headquarters,9
import,1
images,1
noti,1
snow,2
flowers,3
ark,10
stalactites,1
stalagmites,1
tam,1
tides,3
amur,2
leopard,2
you,76
battle,13
bulge,1
shooting,4
hurricane,7
irma,4
prendergast,1
lex,1
catfish,4
earthquakes,12
biceps,1
tendon,1
condor,1
blood,4
steyn,1
peter,3
thiel,1
princess,7
cruise,18
lines,2
depart,4
shane,2
dawson,1
rank,2
murders,1
capita,1
victoria,2
pigeon,2
world,30
george,11
washington,7
carver,2
indians,8
laax,1
murschetg,1
hall,6
almena,1
andizhan,1
andrews,4
baby,5
berclair,1
children,1
brady,2
bre,1
broadway,1
ave,6
holdings,1
chaplin,1
charles,8
goodnight,1
cory,1
christensen,1
driftwood,1
elda,1
fountain,2
francis,1
lockwood,1
harrison,6
heb,2
hoffman,1
hound,1
vestal,1
goodman,1
independence,1
india,1
westbrook,1
james,14
neill,1
keaka,1
italy,46
langley,1
afb,5
hollis,1
liberty,8
silver,2
lorenzo,1
louise,2
bruton,1
manakin,1
sabot,1
lago,2
mayflower,2
melbourne,1
messick,1
milton,4
moma,1
montella,1
mousie,1
msunduzi,1
natalia,1
needles,1
newport,1
nirav,1
modi,1
noor,1
nym,2
stronghold,1
ounianga,1
thread,1
pope,1
john,16
paul,4
academy,9
roselle,1
rovna,1
saba,1
sevier,1
middle,5
mendes,1
shellman,1
moritz,1
stacy,3
sustain,1
health,2
practice,1
scott,3
ling,1
angel,2
wings,1
mural,1
animal,3
foundation,1
magazine,1
corral,1
emancipation,1
proclamation,1
flower,1
bud,1
loca,1
jackfork,1
group,5
klondike,1
sidwell,1
hunter,1
pocono,1
mill,3
raiders,1
ribfest,1
thalamus,1
relation,15
hippocampus,2
usa,18
embassy,4
valère,1
basilica,2
wallace,1
unit,2
wave,1
tiny,1
trisha,1
malik,1
univ,2
waccabuc,1
whitcomb,1
swanzey,1
yazoo,1
langston,1
garam,1
masala,1
zion,1
bowlby,1
haag,1
braddock,1
gold,9
linda,1
kaufman,4
lindsey,1
vonn,1
maame,1
biney,1
mike,1
tyson,2
mork,2
mindy,1
celan,1
roosevelt,3
sun,2
tzu,1
movie,26
big,7
bear,4
jungle,1
shooter,1
colony,3
uss,3
missouri,1
attacks,1
nautilus,2
nation,16
climate,12
hemisphere,8
downtown,12
capital,37
names,3
basque,1
piedmont,1
nys,6
zip,5
casinos,3
spain,6
arcos,1
may,3
delaware,3
peralta,1
norma,1
naia,1
bristol,6
khufu,1
trailer,4
tree,5
viktor,1
leonov,1
hooka,1
oakville,1
republic,6
matheson,1
buoux,1
basketball,2
arena,5
eyeglasses,1
manvel,1
texas,2
hodgkins,1
ghost,2
jojo,1
siwa,1
jackson,13
alexander,5
ingomar,1
south,3
heart,4
loftin,1
nations,5
center,19
oxtails,1
homewood,1
illinois,8
passport,1
sunrise,5
army,6
base,15
dates,2
korede,1
bello,1
usher,2
courtney,1
schwartz,1
goldberg,2
lowry,1
bppgoe,1
board,1
tablet,1
canada,2
secrets,4
hellaby,1
hamer,2
chaney,1
panther,1
point,34
elevation,2
springhill,1
havelock,1
olson,1
plague,1
fire,10
neverwinter,1
barrens,1
kuni,1
destiny,1
vasco,1
gama,1
meade,1
odom,1
birth,4
certificate,4
charlemagne,1
tomb,2
brick,1
landis,1
dynamat,1
counterbalance,1
skyscraper,1
cards,2
humanity,1
horse,4
bedias,1
husky,1
pup,1
monaghan,2
union,4
wilson,5
nek,1
gulch,1
tavares,1
catarina,1
henderson,5
coquille,1
freehand,1
horses,3
elbow,2
there,9
month,4
buckingham,1
crows,3
nest,9
avril,1
lavigne,1
barkley,1
jigokudani,1
william,3
jefferson,5
bayless,1
natural,1
csonka,1
radio,3
lloyd,1
leonardo,2
donald,4
trump,6
mezzetta,1
santana,1
louvre,1
kirsten,1
dunst,1
lobelia,1
ice,2
earle,1
bradley,2
gas,4
filter,2
dexter,2
geffen,1
robert,3
mingea,1
cardiologist,1
austin,3
electra,1
bamboo,1
subdivision,6
dead,3
shake,2
shack,3
giles,3
corey,2
windsor,3
air,9
miralago,1
jesse,2
pearson,1
burial,1
diggers,1
secret,1
caba,2
erosion,3
surname,3
garo,1
bath,6
athletes,1
flood,1
waldecker,1
triglav,1
gaston,1
thornton,1
golf,6
course,5
trumps,1
rumors,1
sub,2
chinatown,1
circle,1
wayne,2
adobe,1
vena,6
cava,5
matt,3
rinaldi,1
jarvis,1
triangle,2
pod,1
racing,1
grid,1
furniture,1
mediterranean,1
gecko,1
crabby,1
map,14
geese,1
roost,3
tracy,1
longviw,1
corea,1
theatre,4
leah,2
messer,2
queensland,1
tax,4
uma,1
pearl,1
parry,1
sound,2
jesus,3
fall,2
baldwin,2
michigan,2
new,5
jersey,1
statue,14
guy,2
boys,2
tourist,6
attraction,4
death,1
playland,1
sinkholes,2
delatite,1
arm,2
eildon,1
stump,1
sailors,1
hitchcock,4
lincoln,5
source,4
rockies,1
pascoli,1
paihia,1
bettis,1
arin,1
freer,1
cpk,1
davy,2
crockett,2
planet,2
side,2
antonica,1
erin,4
password,1
misao,1
keys,3
assassin,1
creed,1
bharananganam,1
divorce,2
record,3
chongwee,1
bahia,1
kino,1
earlimart,1
daddy,1
kane,2
ship,8
makena,1
chester,3
mac,1
mayans,3
earth,4
montana,6
rushmore,2
altitude,1
anderson,6
collins,3
nora,1
broadfield,1
lodge,4
wauconda,1
venice,4
swimming,1
nationals,2
osu,1
bluebay,1
rush,3
redford,1
shelby,1
roger,2
wheeler,2
eunice,1
entry,1
emerald,1
ash,2
borer,1
type,6
clinton,8
concord,1
marriage,1
licenses,1
vizag,1
louisa,1
halfway,2
noah,3
malcolm,1
funeral,1
tim,1
mcgraw,1
alvin,1
lampe,1
wart,2
period,1
timbuctoo,1
spencer,1
one,3
party,3
sweat,1
beecher,1
nungua,1
oil,8
horror,1
festival,3
squirrels,2
hitlers,2
eagles,2
aubrey,1
trail,4
mulga,1
snake,4
plebs,1
ravenscroft,1
cheshire,1
england,13
veatch,1
turn,1
signal,1
wiring,1
diagram,1
crystal,2
knox,1
colossal,1
lineage,1
nco,1
nyc,1
hogans,1
pnc,2
baron,1
bliss,2
racetrack,1
system,2
vonlehman,1
charlotte,4
sentral,1
crochet,1
shape,2
tongue,4
evart,2
chetopa,1
toms,1
urology,1
sw8,1
napoleon,3
lindsay,1
heights,2
passports,1
volcano,5
denmark,2
hamilton,5
chikoo,1
rambutans,1
chandler,1
most,3
plants,1
panda,3
temara,1
begley,1
quaker,1
parrots,1
way,3
water,16
kong,1
davidson,1
steger,1
crash,1
mujeres,3
quintana,2
roo,2
dulce,1
bng,1
show,15
shetland,1
magnesium,2
paris,11
tomanivi,1
venus,2
sugar,3
bowl,4
factor,1
ridgeside,1
murfreesboro,1
lidl,1
rio,3
wells,3
braxton,2
bragg,1
crocodile,2
dundee,2
colton,1
car,6
rentals,2
lucci,1
brenda,2
hardiness,4
courthouse,2
hiking,1
trails,2
attractions,9
ski,2
valais,1
information,1
holiday,2
dvb,1
tennis,2
complexes,1
day,6
exit,1
agriculture,2
centennial,1
brain,2
amenities,1
complex,1
canyon,3
mout,1
boundary,3
expressway,1
heritage,3
rome,1
feature,1
abbreviation,8
bus,5
access,1
parts,3
dome,1
cross,2
rental,2
hemispheres,1
greek,2
services,3
border,7
miles,3
coast,3
cirduit,1
camping,3
human,1
mansion,8
level,9
body,5
aspect,1
woodrow,1
four,2
era,1
route,6
jetblue,1
demcon,1
waterway,1
jurisdiction,1
nationality,8
campaign,1
china,3
people,7
citadel,3
territory,11
wind,4
duck,3
dynasty,3
elvis,3
anvil,1
eso,3
company,4
raymond,3
waterfall,4
acela,1
begin,1
hepatitis,1
alembic,1
muscat,1
frisbee,2
manor,1
rick,3
astley,1
incision,1
kenney,1
australia,4
alligator,1
gars,1
lowrey,1
birdseye,1
ares,1
florence,1
nightingale,1
oci,1
dill,2
crab,2
desrosiers,1
constantine,1
adrenaline,1
minerva,1
cathedral,1
praise,1
pearse,1
shades,1
chia,1
gravel,3
switch,1
admi,1
harrington,1
court,5
saint,3
gilles,1
bvi,1
joe,1
white,4
galileo,1
peltier,1
corby,1
skatepark,1
huckleberry,1
finn,1
awendaw,1
zama,1
marion,6
abouts,4
gonzales,2
mission,2
dock,11
subways,1
sunshine,2
fraser,1
vancouver,1
brussells,1
pablo,3
neruda,1
cockburn,1
spruce,4
goose,2
landforms,1
stella,2
greco,2
buffalo,6
teal,1
turquoise,2
lafayette,3
graff,1
orchid,1
massapequa,1
parking,3
dukes,2
hazzard,2
rail,3
carp,1
cerralvo,1
fletcher,1
golfer,1
tommy,2
fleetwood,2
rudolf,1
hess,1
centre,4
boyne,1
crowley,1
trauma,1
dungeon,2
flue,1
stove,1
howie,1
president,5
daughter,1
christine,1
reagan,3
end,2
giraffes,2
montesquieu,1
seton,1
tornadoes,2
algarve,1
huddy,1
papers,1
ashley,1
stewart,3
subaru,1
forester,1
french,2
bethabara,1
quartz,2
selfridge,1
dolphins,3
greenlands,1
deposits,1
green,1
packers,1
mascot,1
caesar,2
deer,2
inarco,1
phospholipids,1
repu,1
cabbage,1
ncis,3
soybeans,1
tama,2
carnival,9
ships,8
kind,5
north,9
lava,3
kelly,1
mouth,2
central,1
tiahuanaco,1
gertrude,1
stein,1
picasso,4
flounder,1
fishing,3
mustard,3
kiva,1
model,1
number,7
oven,1
quinney,1
plain,1
finisterra,1
augustin,1
banyaga,1
ocho,1
rios,1
hale,3
wizard,2
cotswold,1
andrew,1
ida,2
garlic,1
meares,1
mae,1
jemison,1
mark,5
twain,2
michelle,1
obama,5
morgan,5
freeman,1
carson,7
salazar,1
marilyn,1
monroe,1
destination,2
beatles,1
carbonado,1
cherokee,3
bot,1
tornado,5
shamrock,1
barker,1
overhill,1
kidzania,1
sentosa,1
watsons,1
bury,1
tom,3
sawyer,1
consulate,3
werner,1
heisenberg,1
boho,1
pelicans,1
cinder,1
cones,1
agates,2
thomas,4
tlingit,1
cochran,1
earthquake,8
toco,1
glastonbury,3
pride,2
parade,5
ballet,1
perform,1
wiggins,2
meerkat,1
basalt,1
cuffley,1
football,3
ground,6
poang,1
laura,2
denison,1
steam,2
plant,4
megan,2
dugan,1
michael,2
jordan,2
watercress,1
oscar,1
nunez,2
rachael,1
ray,3
callanwolde,1
dorsey,1
mash,1
ben,6
franklin,7
pinus,1
radiata,1
ramona,2
train,6
routes,1
doula,1
galena,1
form,7
force,6
sheldon,1
georgia,1
peach,1
brooklyn,1
wss,1
tamborine,1
arte,1
dimmu,1
borgir,1
alma,1
tofu,1
eruption,2
panamá,1
canal,1
authority,1
apari,1
apex,2
foot,1
duckenfield,1
arcent,1
ellie,1
lucie,1
valparaiso,1
att,1
aze,1
barwell,1
stormy,1
lane,5
koala,2
bernie,4
sanders,5
rum,2
zacapa,1
table,1
bomar,1
brookneal,1
rayburn,1
room,2
cadillac,1
thomson,1
carolyn,1
hyde,1
cashiers,1
catherine,1
mackay,1
chapisirca,1
abs,1
erta,1
ale,1
cinderella,1
arete,1
owl,4
patti,1
ann,3
browne,1
droughts,1
constable,1
copperbrook,1
cornell,2
callahan,1
edison,2
credit,1
karma,1
ramada,2
dana,2
kaye,2
police,2
dawki,1
johnnie,1
nevada,2
weiser,1
devine,1
dominic,2
douglas,3
franz,2
berkeley,3
hanna,3
elbert,1
finch,2
hou,1
leather,2
aurora,2
encampment,1
taco,2
hurst,1
aqua,1
bruce,2
lee,4
fashion,1
outlets,1
curry,1
felton,1
fenton,1
curra,1
chelsea,3
gems,1
frawley,1
fundadores,1
alliance,4
gerry,2
york,1
wat,1
arun,1
givhans,1
whigham,1
cor,1
good,1
hope,2
philip,2
cline,2
paw,3
saliva,1
hemingway,2
weekend,2
henrietta,1
wilders,1
hester,1
padbury,1
marine,1
foley,2
hunt,1
jacob,1
copeland,1
javier,1
fernandez,1
jenks,1
joel,1
osteen,2
cena,1
persinger,1
marx,2
tomorrow,1
newark,1
kazabazua,1
kilwa,1
kisiwani,1
king,8
cobras,1
kiri,1
kisil,1
devil,4
labarge,1
westfir,1
pol,2
sysladobsis,1
lakeway,1
arp,1
upper,1
lorraine,1
einstein,4
magee,1
tix4tickets,1
mandarin,2
tipperary,1
marcela,1
gandara,1
tucker,2
maxine,1
waters,5
irwin,2
appendix,1
apa,1
format,1
mollymook,1
cats,2
scotland,1
yorktown,1
range,3
manolo,1
sheldrake,1
kingdom,1
theme,1
beresford,1
negara,1
darussalam,1
krivoj,1
rog,1
neltharion,1
lair,2
nexus,1
spire,1
isles,3
ebar,1
jarl,1
solitude,1
nutrias,1
crewe,1
appeal,1
parkland,1
paseo,1
clara,1
barton,1
foy,1
philippi,2
plantation,6
mardi,10
gras,10
polacca,1
vir,2
post,3
inman,2
poudre,1
pass,3
raetia,1
nurata,1
randle,1
rapota,1
shepard,1
fairey,1
live,3
marshalls,1
riquewihr,1
senator,2
mccain,1
rutledge,1
style,1
sam,2
adams,2
brewery,1
lorena,2
bobbitt,1
sanford,2
mongooses,1
skamania,1
sokodé,1
spofford,1
sleepy,1
stanton,1
optical,1
star,3
oliveri,1
title,1
population,2
alligators,1
tane,1
mahuta,1
tara,1
iti,1
chili,2
temple,3
weiland,1
terry,3
art,3
bertrange,1
franco,1
bayou,1
pavillion,1
catacombs,3
martin,8
film,3
snowman,1
troll,1
ecowas,1
distribution,1
memory,1
lobe,4
mpre,1
origin,5
rocca,1
pyramids,5
giza,3
shopping,2
repair,1
kit,1
borderlands,2
sledge,2
mona,2
lisa,2
shroud,2
bread,1
shut,1
valve,3
cobb,1
akutan,1
products,3
magdala,1
titanic,8
teman,1
palace,2
tigre,1
cia,1
vodka,3
marina,3
del,3
winnie,2
mint,3
ike,2
vincent,1
van,1
gogh,1
self,1
susa,1
jack,4
russels,1
warren,1
arcadia,2
wessex,1
wharton,1
troy,3
maze,1
ayala,1
alar,1
zorn,1
casas,1
grandes,1
ruffin,1
weasels,1
rubber,1
eudora,1
series,2
ozark,9
catania,1
opals,2
zelda,2
officials,1
puffins,1
wild,1
hopper,1
permease,1
marathon,1
start,3
alpine,3
draco,1
gilbert,1
gil,1
audubon,1
madison,6
maddie,1
clifton,1
rowlandson,1
solomon,1
presley,1
graceland,1
computer,1
ira,1
mass,1
joes,1
imlay,1
wanda,1
sykes,1
zane,1
grey,1
harry,2
stop,1
troops,1
oak,1
ennis,1
vacation,2
oakley,2
willey,1
bowden,1
totnes,1
coin,2
bed,3
step,1
stool,1
savannah,4
gemstones,1
brinnon,1
arcady,1
rains,1
sabinal,1
jct,1
daho,1
conception,1
key,2
autobahn,1
atlas,1
bean,1
grendon,1
bishop,3
jeep,1
scaramucci,1
mailing,1
admissions,1
dorothy,1
angela,1
merkel,1
wilkeson,1
arley,1
christmas,2
story,2
lockett,1
khan,2
taney,1
harbins,1
ridge,4
fuel,1
durango,1
allende,1
pains,2
tubule,1
urine,1
rehabilitation,1
cotton,1
bells,1
commerce,3
geronimo,2
latimer,1
oktoberfest,2
secretariat,1
arcanum,1
sumner,1
paula,2
abdul,1
vaughn,2
messi,2
rem,1
metis,1
page,1
initials,1
life,1
landform,2
rino,1
riner,1
entrance,3
ryrie,1
brink,1
truck,1
farmer,1
beswick,1
andrus,1
riley,1
castigilioncello,1
tuscany,2
landscape,2
castelnuovo,1
berardenga,1
lockers,2
dart,1
trejo,2
gej,1
aringo,1
cubeberrys,1
slime,8
rancher,7
sebastion,1
kilkenny,1
hussein,2
goodall,1
telamar,1
gumi,1
haleakala,1
lindl,1
picts,1
holy,1
lindisfarne,1
wedding,2
card,1
justice,2
peaches,2
mclean,1
stevenson,2
gran,1
torino,1
gautrain,1
invasion,1
bautista,1
bellevue,5
tropic,2
cancer,1
eclipse,3
corn,1
playing,1
imax,1
theatres,1
veronica,1
roth,1
vono,1
maluma,1
millard,1
synagogue,1
mold,1
paoli,2
acropolis,1
furtwangen,1
stephenson,1
boron,1
hollywood,4
kirby,1
connection,2
herman,2
landro,1
longshot,1
mccom,1
nîmes,1
garrison,1
sicily,3
bell,2
pfizer,1
gmf,1
aeroasia,1
koeln,1
aiguebelle,1
die,1
miss,2
irs,1
kwai,1
chung,1
rattlesnakes,1
sapian,1
pipeline,2
haydarpasa,1
snakes,1
tundra,1
tucume,1
juliette,1
lowland,1
spike,2
monsoon,2
suny,1
salamis,1
marty,1
haugen,1
disputanta,1
aulander,1
myer,1
dash,1
pickup,2
lamar,1
montserrat,1
barry,1
twilight,4
christina,1
aguilera,1
wahoo,3
roan,1
fault,1
line,1
run,4
vernon,4
walton,3
eustis,1
low,2
fleming,1
paige,1
rockfish,1
lithium,2
wolf,2
niagara,1
falls,1
barrymore,1
theresa,2
caputo,2
westwood,2
seafaring,1
culture,1
wakenaam,1
sandestin,1
gallons,1
coffee,1
spear,1
pandora,1
balthazar,1
reba,1
bevmo,1
bachelorette,1
finale,1
loreto,1
culiacan,1
lion,2
pierre,1
custer,3
meltzer,1
pomo,1
jolla,1
devon,1
cliffs,1
popocatepetl,3
saxton,1
eliot,1
goby,1
hoagland,1
massacre,2
smuckers,1
jelly,3
illyria,1
amelia,1
blaine,2
clonmacnoise,1
diamond,3
mine,6
mabolo,1
perryton,1
hugo,2
timothy,1
fortune,1
cell,2
chitin,1
kensett,1
oceana,1
leffe,1
phil,2
mattingly,1
raj,1
kumar,1
fali,1
dance,1
betsy,1
hemming,1
grave,1
volta,1
trees,2
mount,2
shirane,1
pie,1
crocker,1
pernis,1
happy,2
days,1
waldie,1
drive,6
oyster,1
cove,1
tasmania,1
manchester,3
gland,5
hesperus,1
renaissance,1
delevan,1
beer,2
dale,2
millet,1
colossus,1
infinity,2
sanji,1
centers,1
ellerbe,1
women,1
crossing,1
abbotsbury,1
cotswolds,3
dursley,1
rene,1
descartes,1
bantu,2
kidneys,1
navel,1
dubia,1
prince,3
eric,2
threat,1
jai,2
alai,1
maize,1
academia,1
david,3
nikola,1
tesla,1
casa,1
bilt,1
buhl,1
manlius,1
seabeck,1
himrod,1
montgomery,2
avlida,1
creosote,1
hippo,1
stahnsdorf,1
archduke,2
ferdinand,4
bardines,1
founders,1
metropolis,1
janina,1
dal,1
santa,6
gordo,2
slimes,1
awre,1
gloucestershire,1
bertram,1
fungi,1
sail,2
travis,1
tritt,1
flag,2
clovis,1
pana,1
roy,2
acuff,1
casar,1
wimbledon,1
casuarina,1
paragon,1
globe,1
barb,2
castaway,2
cactus,1
signature,1
evansville,1
mother,1
teresa,1
angeline,1
terranova,1
prater,1
wien,1
ozarks,1
glenn,1
bonnie,1
clyde,1
wolumla,1
dacono,1
grit,2
lahad,1
datu,1
chip,1
joanna,1
gaines,1
jblm,1
dix,1
mclouth,1
systems,1
lonodn,1
graduations,1
viscount,1
circuit,1
shiply,1
bigfoot,1
yeti,1
nigeria,1
mamba,1
addresses,1
falling,1
buratai,1
wildlife,1
mcclure,1
broomfield,1
broken,1
arrow,1
version,1
booker,1
rays,1
toni,1
troupe,1
mahana,1
identification,1
wadsworth,1
dillon,1
blackrock,1
foundry,1
jarren,1
benton,1
act,1
skipper,1
kisco,1
flippin,1
transformers,1
ride,2
tomahawk,1
dohnavur,1
poke,1
azilda,1
ontario,2
barack,2
swisher,1
colby,1
bagpipes,1
iron,3
eyes,1
cody,2
parotid,1
bundy,1
swim,1
pence,2
son,1
toilet,1
items,1
bill,5
maher,1
marta,1
transportation,2
eloise,1
vanessa,1
ruiz,1
groom,1
chevy,2
silverado,3
rothschild,1
naples,2
relationship,1
wasingtin,1
cans,1
tuna,2
fish,5
paradise,2
sophia,3
newman,2
moussa,1
clapton,1
gangotri,1
kalkan,1
miu,1
bodies,2
killer,1
bees,1
sweeny,1
lincolnshire,1
thorpe,1
tilney,1
bellamy,1
alps,1
move,1
mafumeira,1
sul,1
kite,1
ahmir,1
khalib,1
thompson,2
fekola,1
project,1
nevis,3
game,2
shakers,1
jolly,1
southwest,3
shale,1
ripley,2
fetty,1
elma,1
kutwa,1
grand,1
turk,1
pork,1
loin,1
roast,1
ceraweek,1
heath,1
blacksmith,1
mindo,1
purdy,1
pina,1
colada,1
isole,1
tremiti,1
loscheider,1
family,7
philly,1
koppen,1
glue,1
fredericksburg,1
virginia,1
stomachs,1
crayfish,1
marco,2
polo,3
moth,1
bates,4
inspirada,1
archegonia,1
antheridia,1
fern,1
investments,1
stock,1
plan,1
ibra,1
winter,2
dolphin,3
hatch,1
robson,1
badlands,1
aloha,1
spooner,1
dirt,1
montereale,1
valcellina,1
dickens,1
vilanova,1
atk,1
cygnus,1
ferry,3
bali,1
fungus,1
beetle,3
indian,1
crawford,1
tulip,2
godwin,1
marvin,1
vortex,1
arnica,1
mebane,1
seth,1
immigrants,3
work,2
package,1
navair,1
asu,1
patrai,1
buk,1
kohinoor,1
sandon,1
historico,1
yngol,1
barrow,1
moon,2
secretary,1
birds,2
belmar,1
asc,1
wetmore,1
flasher,1
fuse,1
hernando,1
cortes,2
sandbar,1
lacy,1
lakeview,1
marjorie,1
congdon,1
clancy,1
submarine,1
apg,1
tammany,1
trinity,4
friona,1
tonight,1
cruceta,1
herring,1
milts,1
totana,1
makanda,1
lawson,1
rhino,1
springfield,1
navy,4
seal,1
arrival,1
pilgrims,1
homer,1
gods,1
finger,1
reserve,1
cornelia,1
brighton,1
gordon,1
grover,2
bozrah,1
forces,1
nyssa,1
dumont,1
mit,1
ezel,1
pcc,2
navajo,2
gifford,1
ugali,1
carmen,1
erskine,1
ramos,1
gotham,1
cando,1
carter,1
rose,1
starting,1
swanson,1
robinson,2
first,3
floods,1
alsager,1
soave,1
colour,1
aluminium,1
foil,1
paper,2
tut,1
ayurveda,1
augustine,1
filleigh,1
dogs,1
ava,1
butterball,1
idol,1
joshua,2
ledet,1
daniela,1
shoemaker,1
rapids,1
ona,1
octopus,1
zodiac,1
rossendale,1
riordan,1
hannibal,1
mel,1
diner,2
kavanagh,1
madson,1
rosemary,1
seed,1
valerie,1
keith,3
section,2
meme,1
moose,2
keadue,1
donegal,1
overlook,1
colon,1
chris,5
ramsey,1
dolomites,1
kitchen,1
doors,1
lucy,1
cal,2
opening,1
three,1
ebal,1
tyre,1
grisham,1
pendleton,2
salamander,1
boat,3
belle,2
bayard,1
lennox,1
encounters,1
kiddie,1
manning,1
trimboli,1
cheers,1
kendrick,1
struthers,1
bmws,1
elden,1
root,2
paloma,1
reese,1
witherspoon,1
ami,1
accident,1
power,1
steering,1
fluid,1
channel,1
arches,1
seay,1
byron,4
jasmine,1
bbc,1
hinterland,1
paget,1
tricare,1
midori,1
kista,1
savannas,1
hustisford,1
traen,1
wine,1
marshall,2
year,2
mobile,3
fargo,1
motel,1
hephzibah,1
hollins,1
marley,1
gene,1
hackman,1
koch,1
norman,1
gentry,1
lote,1
regents,1
mpls,1
fazendinha,1
forestry,1
dept,1
clock,1
gravely,1
mowers,1
schwarz,1
alan,2
autry,1
anchor,1
heather,1
rowe,1
duarte,1
alexa,1
lukowski,1
cannery,1
zapata,2
muhammad,1
prophet,2
gard,1
waterfront,2
chest,2
estancia,1
lpn,1
riverdale,1
chapo,1
macadamia,1
dewberry,1
machines,1
pontoon,1
black,3
wilmer,1
valderrama,1
iroquois,2
frankie,1
lymon,1
ebenezer,1
crappie,1
spawn,1
student,1
trapp,1
hammond,1
jay,1
riverside,5
winloc,1
crop,1
copper,1
beech,1
education,2
rad,1
macbeth,1
quarian,1
balanced,1
mbukushu,1
bruno,1
concert,1
kalambaka,1
anna,4
orange,2
liqueur,1
kohls,1
cubital,1
vein,4
eastern,1
decameron,1
murphy,2
apple,4
cheek,1
bergerie,1
miners,1
oark,1
norteno,1
banda,1
rigel,1
chappells,1
lancaster,3
cato,1
taghmon,1
wexford,2
ireland,3
hop,1
barber,1
flamingos,1
arman,1
bam,1
hopi,1
magellan,4
frito,1
food,1
alberta,1
commons,1
krabi,1
webster,1
harbor,1
madame,1
curie,1
discover,1
radium,1
silica,1
milos,1
auto,2
solon,1
chinchilla,1
blm,2
scorpio,1
constellation,2
singer,2
bobby,2
vee,1
springs,2
halt,3
evap,2
vent,1
shin,1
climates,2
herion,1
woodford,1
mts,1
penobscot,1
thatcher,1
bitter,1
melon,1
norco,1
niki,1
lauda,1
romona,1
theodore,1
disneyland,2
dobson,1
fertiligreens,1
breanna,1
yde,1
thang,1
seef,1
season,1
harvard,2
spiral,1
perm,1
isa,1
dunkirk,1
monorail,1
cottonwood,1
burger,2
flea,2
harbour,1
rodrigues,1
graves,1
aberdeen,1
salerno,1
kaiser,1
wilhelm,1
flanders,1
landon,1
lymm,1
sete,1
putin,1
goldfinch,1
allergan,1
shakespeare,1
laila,1
imola,1
sienna,2
desertification,2
calitri,1
rhinelander,1
prussia,1
solivita,1
coulonges,1
wando,1
don,1
mills,1
lineman,1
rodeo,1
doctor,1
easky,1
britton,1
whiteface,1
gilford,1
levar,1
stoney,1
temperature,1
yesterday,1
iola,1
steves,1
hants,1
rice,5
bran,1
mestia,1
denver,1
santee,1
federico,1
theri,1
boa,1
iniesta,1
pugh,1
henry,3
garnet,1
artemis,1
smith,2
jeffrey,2
everett,3
texaco,1
schuyler,1
dhabeji,1
cooke,1
walking,1
path,1
sparks,1
e16,1
flats,1
agincourt,1
demarco,1
halts,1
fehren,1
monty,1
halls,1
elloree,1
july,1
photos,1
vikings,1
terrain,1
trip,1
wardspire,1
lotro,1
stonie,1
tea,1
networks,1
berry,3
anatone,1
elephants,2
childress,2
rein,1
callachan,1
han,1
yarabilba,1
apes,1
cement,1
aftershocks,1
goat,1
head,4
twin,1
neurology,1
tiller,1
fatullah,1
bernardus,1
mayfair,1
gigi,1
hadid,1
chignik,1
cristobal,1
columbus,1
bases,3
trulia,1
catskills,1
owens,2
grebes,1
lacey,1
bible,4
softball,1
kids,2
camargo,1
carburetor,1
craftsman,1
riding,1
lawn,1
mower,1
svc,1
vien,1
aine,1
cleveland,1
irish,1
ashton,1
lyne,1
osprey,1
pennsylvania,2
passion,2
fruit,1
dreamers,1
album,1
beatrice,1
bathtub,1
bushnell,1
uranium,3
jane,2
pickens,3
flinders,1
fairbanks,1
hermanus,1
bald,2
hornets,1
noland,1
fest,1
hobson,1
sigonella,1
gum,1
scotiabanks,1
outpost,1
bass,1
reeves,3
turney,1
pioneer,3
camino,1
artifact,2
winthrop,1
galatia,1
akkad,1
alfredton,1
protem,1
birthplace,2
carmel,1
coronado,1
spaghetti,1
gale,1
harriet,2
clay,2
daniel,2
williams,1
yoyu,1
slogan,1
agave,2
commuter,1
woodlea,1
rockbank,1
avery,1
arch,1
mickeys,1
graveyards,1
dolly,1
saloon,1
misliya,1
bach,1
chippewa,1
boot,2
mowry,1
cbs,1
stingray,1
carlton,2
flags,4
willard,1
aiea,1
baseball,1
youth,1
quarter,1
citronelle,1
training,3
ups,1
scene,4
oreo,1
toaster,1
strudel,1
brewster,1
ceiling,1
class,1
airspace,1
tag,1
fhomes,1
hole,3
thurman,1
rust,1
service,3
plastic,1
molding,1
conquest,1
repo,1
chickasaw,1
ingalls,1
wilder,1
albino,1
zebra,1
sullivan,3
pyramid,3
headquarter,2
trey,1
eagle,4
sheridan,2
karsh,1
tarshish,1
blues,1
perry,1
herreninsel,1
kremmling,1
nzara,1
bosman,2
titus,1
trench,1
dug,1
casualties,1
nelson,2
mandela,2
bose,1
anton,1
buyan,1
brook,1
igniter,1
lennon,2
schreiner,1
bahamia,1
afl,1
player,1
gary,1
rowan,1
roff,1
jerome,1
blackfoot,1
dragons,1
lighthouse,1
karen,1
venezia,1
leon,2
sigmund,1
freud,1
sandy,1
des,1
allemands,1
coal,3
tractor,2
meteor,1
eileen,1
band,1
exodus,1
subway,2
tile,1
money,1
order,1
fez,1
stanley,2
topolobampo,1
matter,2
cloudflare,1
kermit,1
angler,1
merton,1
goldstein,1
seneca,2
candor,1
stonehenge,1
callan,1
apennine,1
borden,1
sewing,1
machine,2
decapolis,1
gumm,1
max,2
tupperware,1
huck,1
jim,1
angelica,1
marzi,1
hell,1
shrine,1
amphitheatre,1
haiku,1
achilles,1
roscoe,1
glass,3
sparkman,1
cricket,1
hart,1
kathy,1
vitro,1
assay,1
rap,1
snacks,1
geodes,2
thieves,1
upson,1
duke,1
roman,1
colosseum,1
albert,3
groot,1
drakenstein,1
ribbon,1
worms,1
baran,1
crozet,1
cedar,2
caswell,1
correctional,2
beckel,1
bison,2
wynantskill,1
kaffir,1
lime,1
eldorado,1
carnac,1
stones,1
utc,1
sweetgrass,1
corinth,2
vineyard,1
vines,1
gadara,1
baker,2
ron,1
sims,1
pbs,1
anne,1
mary,1
mcleod,1
bethune,1
terra,1
kadod,1
butler,1
help,1
deposit,1
dorset,1
refuge,1
imlil,1
ephraim,1
golconda,1
american,1
takenah,1
grier,1
angele,1
landers,1
castello,1
stimpson,1
nic,1
grade,1
caliche,1
wallin,1
pound,2
kitten,1
aria,1
henna,1
deloach,1
humidity,2
poe,1
todos,1
santos,2
cromer,1
bartlett,1
bioluminescent,1
plankton,1
ocwen,1
safe,2
haven,2
chert,1
denny,3
lord,1
rings,2
muscoda,1
balice,1
dtc,1
indygo,1
orcas,1
mitch,1
mcconnell,1
honokaa,1
protection,1
meccawe,1
grigg,1
skin,1
revive,1
gallery,1
burnwell,1
ala,1
fallon,1
boats,1
cyrus,2
upton,1
maitland,1
egerton,1
kukulcan,1
luther,4
raiwaqa,1
burg,1
kreuzenstein,1
airline,1
murder,1
gallop,1
garner,2
asda,1
heathfield,1
ayr,1
skull,1
monterrey,1
isis,1
flu,1
shot,1
okahandja,1
daher,1
bloomerang,1
lilac,1
bushes,1
galice,1
merlin,1
richardson,1
pools,1
tips,1
rover,1
pratt,1
cash,1
deen,1
sars,1
cold,1
catonsvilles,1
wednesday,1
farmers,1
riviera,1
maya,2
sonita,1
dubois,1
audrey,1
royal,1
bilbrey,1
abyss,2
drop,1
burren,1
animation,2
studios,2
surf,1
talent,1
jennifer,2
holm,1
earp,3
agios,1
nikolaos,1
fokidos,1
greece,2
strap,1
ner,1
ccis,1
extinguisher,1
hialeah,1
florida,2
borg,1
cumberland,1
ramen,1
noodle,1
doldrums,1
fishers,2
ginseng,2
nabil,1
tignall,1
magic,1
badgers,1
waldo,1
horns,2
divide,1
lolo,1
walk,2
fame,1
phone,1
ponderosa,1
bonanza,1
scholastica,1
burmeister,1
wain,1
midnight,3
funkley,1
gol,1
gumbaz,1
prospects,1
albers,1
tigerair,1
paint,1
larose,1
covington,1
casey,1
brewing,1
blending,1
patrick,1
conover,2
medicare,2
duct,1
bartholin,2
gametes,1
anemones,1
twins,1
author,1
vance,1
samana,1
cookson,1
schesslitz,1
europe,1
soda,2
boost,1
roberto,1
clemente,1
sports,1
godfrey,1
wreck,2
sandusky,1
holbein,1
roberta,1
aiken,1
beltran,1
panorama,1
covo,1
speedway,2
esperanza,1
intervale,1
skeleton,2
adria,1
supply,2
fresh,1
leaf,1
severs,1
palin,2
international,1
pistoia,1
sherman,2
macchiagodena,1
gardenias,1
jakes,1
chaldea,1
triforce,1
pieces,1
waker,1
asha,1
joints,1
print,1
bagodara,1
carraway,1
sylvania,1
mccartney,1
minuit,1
boone,2
love,2
rathayibacter,1
toxicus,1
drummond,1
kang,1
sign,3
schumacher,1
comeone,1
driving,1
anglesey,1
fotherby,1
gustavus,1
swift,1
bet,1
complaint,1
property,2
management,1
merle,1
haggard,1
wathena,1
barr,1
venue,1
rise,1
keningau,1
dominique,1
aobayama,1
santo,1
domingo,1
yukon,1
vet,1
sky,4
devi,1
godfather,1
burien,2
havre,1
msa,2
readington,1
mele,1
garita,1
alford,1
thyme,1
brundidge,1
captain,2
kidd,1
finisklin,1
sevilla,1
coach,1
cheatham,1
squirrel,1
volcanoes,1
gurney,1
altuna,1
oprah,2
amazon,4
copd,1
walden,1
pond,2
thoreau,1
chatham,1
lucca,1
individuals,1
stephen,1
loma,1
airlines,1
cantonese,1
potter,1
whites,1
patsy,1
haugan,1
abba,1
marble,1
abaco,1
aga,1
rothenberg,1
lou,1
costello,1
phillis,1
wheatley,1
backwoods,1
thorns,2
jews,1
hailey,1
ravensdale,1
quetzals,1
jugular,1
winona,1
staffordshire,1
ebners,1
superman,1
sara,1
outlet,1
portland,1
otis,3
goff,1
drought,1
seward,2
kelso,1
cole,1
haan,1
meet,1
natalie,1
jarreau,1
constitution,1
koko,1
gorilla,1
alba,2
times,1
whitney,2
houston,2
cowee,1
ferlach,1
keystone,2
nicole,1
kidman,1
paak,1
skyfall,1
lounge,1
normans,1
lantana,1
playa,2
fossa,1
lipan,1
clemens,1
arid,1
lajatico,1
laser,1
printer,1
manuel,1
nasa,1
alda,1
flagship,1
oguta,1
minerals,1
play,3
festus,1
sodor,1
search,1
rescue,1
grass,2
crown,1
rccl,1
telephone,1
hartman,1
battery,4
budweiser,1
hemlock,1
wife,1
kulali,1
istanbul,1
text,1
treaty,2
malachi,1
malo,1
skipmuck,1
withee,1
ore,5
crankshaft,1
sensor,2
dodge,1
caravan,1
mirasol,1
vigina,1
bismarck,1
quail,1
claus,2
padre,1
pio,1
takayama,1
maui,2
ellijay,1
somers,1
jason,1
voorhees,1
dinka,1
ashly,1
guise,1
bedfordshire,1
circa,1
scenic,1
rainbow,1
papaya,1
worley,1
kumina,1
beachfront,1
mafic,1
moskva,1
belden,1
buckeye,1
etna,1
blanc,1
thaler,1
mora,2
khenarthis,1
silicon,1
stern,1
puncak,1
indonesia,1
cardinal,1
burke,2
rogers,2
dampier,1
ghetto,1
latte,1
meridiano,1
door,2
pace,2
lutz,1
ikotun,1
hail,2
icbm,1
silos,1
bumble,1
soil,1
motonui,1
pronator,1
teres,1
amaroo,1
michi,1
oxford,2
molasses,1
neap,1
guiness,1
baruto,1
gee,1
sobral,1
palladium,1
pellet,1
rifle,1
guadalupe,1
hidalgo,1
chicken,1
coupe,1
chacos,1
seals,3
migrate,1
dam,1
staunton,1
vindicator,1
monkey,2
tails,1
rotonda,1
pooh,1
patel,2
cili,1
wolves,1
dunk,1
girls,1
fuller,1
agliana,1
serena,1
mar,2
hannah,1
elmer,1
gandy,1
facebook,1
cil,1
fork,2
swann,1
karnak,1
tsar,1
bomba,1
majority,1
brahan,1
campbell,3
arcelia,1
tambora,1
vergers,1
boaz,1
pecans,1
bielawa,1
inventor,1
ricks,1
lusk,1
prostate,1
koalas,2
ajax,1
bonogin,1
morrison,1
cheyenne,1
sal,1
mineo,1
ginnie,1
feng,1
shui,1
yara,1
martinez,2
kahoka,1
hydro,1
vitamin,1
pomegranate,1
xxx,1
bad,2
axe,2
gladys,1
magna,1
grecia,1
tabernacle,1
dens,1
brock,2
panichella,1
incline,2
semiahmoo,1
pandas,1
breaks,1
cahill,1
nola,1
frank,1
slide,1
betelgeuse,1
seller,1
reg,1
jude,1
classic,1
mirkwood,1
bowman,1
sister,2
turing,1
heartland,1
joan,1
shinikoff,1
presence,1
event,1
entertainment,1
mercy,1
ginger,1
alden,1
fireworks,2
settlers,1
maxwell,1
book,3
mormon,1
mayberry,1
lula,1
judson,1
olander,1
neighbors,1
skates,1
hazards,1
gru,1
zetaclear,1
xanthareel,1
yellow,1
eel,1
bile,1
mason,1
turkeys,1
league,2
teen,1
titan,1
valle,1
crucis,1
jaws,1
acreage,1
meetings,1
snorkeling,2
kauai,1
license,2
odysseus,1
kohany,1
spring,2
rumba,1
corner,1
hawks,1
poker,1
falmer,1
tome,1
nicotine,1
suite,1
edna,1
gail,1
gutierrez,1
redwoods,1
suntemple,1
nxt,1
census,1
tewa,1
carney,1
marlon,1
brando,1
cpap,1
kilimanjaro,1
glee,1
arbuckle,1
winters,1
firebaugh,1
wilberforce,1
boardwalk,1
haskell,1
faris,1
darnu,1
horn,1
oryx,1
undersea,1
warfare,1
division,1
scurry,1
clover,1
danakil,1
depression,1
kananaskis,1
valtur,1
fala,1
mullins,1
melania,1
currency,1
sisters,2
giuseppe,1
garibaldi,1
bull,3
tamil,1
nadu,1
parga,1
ryanair,1
romney,1
ione,1
moana,1
trolls,1
kyle,1
comiso,1
kilpeak,1
cashel,1
sydney,1
cinemas,1
senate,1
list,1
gyn,1
mbai,1
samantha,1
abeel,1
crotone,1
storms,1
farmfoods,1
bottle,1
redemption,2
snowmobile,1
chernobyl,1
finlayson,1
kippford,1
aafes,1
jada,1
pinkett,1
mojitos,1
track,1
benjamin,1
warfield,1
weaver,2
matthews,1
langlois,1
moran,1
hologram,1
warwickshire,1
vin,1
pop,1
camper,1
margaritaville,1
schroeder,1
maclear,1
honor,1
motor,1
laverne,1
shirley,1
nam,1
komo,1
macula,1
django,2
aluminum,1
grill,1
liners,1
vera,1
rents,1
kid,1
regatta,1
oro,1
civilizations,1
flow,1
mala,2
quepos,1
artifacts,1
bogart,1
dictionary,1
romford,1
ahiti,1
unemployment,2
fallout,2
rhea,1
mcmahon,1
sultan,1
nina,1
simone,1
morris,3
naz,1
providence,2
newberry,3
netflix,1
check,1
jet,2
pump,1
alexandria,2
katherine,1
heigl,1
lupton,1
lights,1
conley,1
timberlake,1
golden,1
schaller,1
ronco,1
scenes,1
forrest,2
gump,1
ducks,1
economy,1
selleck,1
kanel,1
silverthrone,1
salvo,1
palmira,1
maroo,1
sisal,1
agency,1
molina,1
plates,1
freedom,2
breakfast,1
tiffanys,1
tiffany,1
limestone,2
tin,1
cup,1
rufus,1
sns,1
ans,1
resting,1
piazza,1
gramsci,1
boyle,2
carnes,1
inside,1
passage,1
camano,1
creation,1
hatfield,1
dubrow,1
julius,1
elmo,1
garrett,1
pesto,1
takao,1
phenomenon,1
footprints,1
thurber,1
baxley,1
perrie,1
edwards,1
wadena,1
fontana,1
kevil,1
vanport,1
gustin,1
sines,1
bluefin,1
cowell,1
spanish,2
tail,1
dragon,1
elkins,1
bunnlevel,1
pomoy,1
argos,1
dungannon,1
chakra,1
workshop,1
honeymoon,1
tonala,1
shameless,1
sunsweet,1
philippine,1
xur,1
comfort,1
bradford,2
hinds,1
rankin,1
kynoch,1
anthem,1
tesu,1
doylay,1
cartes,1
frederic,1
metlife,1
mesick,1
fieri,1
gibson,1
bathrooms,1
hospice,1
bado,1
vince,1
prom,1
kettle,1
blarney,2
stone,4
oras,1
ellora,1
spirit,1
burlington,2
rainforest,1
steinbeck,1
dow,1
bagwell,1
alley,2
chacabuco,1
rodanthe,1
propriano,1
grace,2
autism,1
jones,2
ruimsig,1
colstrip,1
shadows,1
seconds,1
firth,1
mermaid,2
aaron,1
schock,1
avengers,1
language,1
rangia,1
marijuana,1
licence,1
rifugio,1
lagazuoi,1
bowdle,1
starbucks,1
apron,1
pedis,1
nof,1
kanaan,1
zwijnaarde,1
pedestrian,1
petticoat,1
junction,1
eku,1
lester,1
treasurer,1
grayson,1
custom,1
pinetop,1
lage,1
swahili,1
temperatures,1
aloft,1
richburg,1
recreation,1
kazoos,1
pizza,2
locker,1
trident,1
villa,1
substitute,1
zacahuil,1
fritch,1
caldera,1
branton,1
packwood,1
isanti,1
cambridge,2
hpt,1
pushkin,1
summer,1
miraj,1
mayer,1
sabi,1
hummingbirds,1
siege,1
balls,1
maureen,1
hara,1
cornishman,1
childrens,1
mohammed,1
forge,1
shaman,1
chireno,1
turbans,1
gerald,1
julia,1
goe,1
mcdowell,1
southampton,1
phyllo,1
dough,1
hilton,1
blackwell,2
marriott,2
vicente,1
guerrero,1
network,1
capsicums,1
vivian,1
jordans,1
alsina,1
kerby,1
bond,1
keanu,2
monee,1
small,1
vision,1
monongahela,1
marcy,1
projects,1
hatchery,1
riri,1
zippers,1
holi,1
gonzalo,1
valdivia,1
petit,1
jean,1
whipple,1
breu,1
branco,1
sang,1
nila,1
sapphire,2
sahtu,1
kapolei,1
fires,1
chasse,1
configuration,1
radon,1
crothers,1
getty,1
stony,1
knowles,1
petal,1
ebola,2
breakout,1
kelli,1
berglund,1
dunn,2
oolitic,1
cooney,1
verdi,2
points,1
drayton,1
michiana,1
sturgis,1
sarnoff,1
bligh,1
pons,1
commute,1
gar,1
nurburgring,1
evans,1
sunpass,1
ramp,1
ring,1
miletus,1
soledad,1
hickok,1
bonham,1
alamo,2
lions,1
redkey,1
kechi,1
osrs,1
toss,1
fortuna,1
virgil,1
cain,1
jail,1
mccarthy,1
cake,1
neck,1
alabama,1
forno,1
bosa,1
dodson,1
dez,1
ladino,1
vdara,1
mute,1
swans,1
plomo,1
sonora,1
view,1
lazio,1
maples,1
dwarf,1
tupac,1
reinstatement,1
fee,1
west,1
expats,1
sylvester,1
stallone,1
pele,1
jamboree,1
banner,1
thunderbird,1
polk,1
fulfillment,1
dalai,1
lama,1
darragh,1
monk,1
headstone,1
loretta,2
wisconsin,2
element,1
panchwati,1
garfield,1
zola,1
covenant,1
carlo,1
cecchetto,1
lynch,1
christopher,1
wren,1
vermont,1
brutus,1
belcher,1
civitanova,1
stunt,1
drone,1
produce,1
tamales,1
malone,2
dewalt,1
volt,1
stockport,1
savalina,1
hbo,1
halsey,1
mexican,1
hat,1
adaptive,1
heflin,1
hogwarts,2
courtyard,1
geoffroy,1
spider,1
angels,1
hair,1
oronogo,1
outfitter,1
bree,1
gardens,2
pineapple,1
val,1
orcia,1
monfalcone,1
edgar,1
allbrook,1
stono,1
tours,1
locke,1
kings,1
coconut,1
catawba,1
cosby,1
zions,1
posen,1
rocher,1
skelton,1
blind,1
cliff,1
strana,1
burgers,1
sin,1
percy,2
shelley,1
reinosa,1
disney,2
maria,2
steakhouse,1
scarface,2
amasa,1
attar,1
isaac,1
muslei,1
orvieto,1
pullman,1
emperor,1
llanos,1
bananas,2
sumer,2
rory,1
fatou,1
bensouda,1
sight,1
dinner,1
yamachiche,1
stuy,1
cozumel,1
tightwad,1
ergen,1
bingaman,1
nature,1
camels,1
celery,1
plate,1
cicero,1
parlin,1
refinery,1
dells,1
normangee,1
muadamiyat,1
fulton,1
swains,1
chloorkop,1
thong,1
wedge,1
sores,1
palate,1
idris,2
dunfield,1
pura,1
vida,1
dorado,1
monoxide,1
alarm,1
cornelius,1
vanderbilt,1
lager,1
wadeye,1
puno,1
deadwood,1
wellbeing,1
pptactitioner,1
greens,1
oahu,1
landing,1
corrington,1
birkenfeld,1
placida,1
willits,1
silverton,1
amerigo,1
vespucci,1
canister,1
wing,1
colfax,1
potholes,1
reservoir,1
distance,1
carla,1
mugnano,1
skies,1
toad,1
suck,1
arkansas,1
bettles,1
window,1
lady,1
stage,1
savoy,1
indigo,1
mosquitia,1
croaker,1
sants,1
boyes,1
war,2
botox,1
hyperhidrosis,1
intra,1
hike,1
raum,1
heartwood,1
horta,1
waucoma,1
barn,1
cid,1
faze,1
herons,1
hernan,1
rube,1
weiss,1
sao,1
jorge,1
tech,2
hutchins,1
alcobaca,1
monastery,1
sculpture,1
durbin,1
marywood,1
cork,1
ork,1
rocky,1
top,2
chemical,1
hampshire,1
clarence,1
density,1
sivota,1
quit,1
claim,1
deed,1
lotr,1
jezreel,1
wawa,1
farley,1
kemp,1
metro,2
granite,2
vas,1
conifer,1
seville,1
mcnamara,1
petrel,1
mayfield,1
cyclones,1
crossword,1
xochimilco,1
duchesne,1
chingo,1
bling,1
scientists,1
alvados,1
portugal,1
bob,2
voting,1
cornrows,1
dfw,1
mamma,1
mia,1
arenda,1
mat,1
latos,1
ayalon,1
belleek,1
sassinoro,1
sentencing,1
slaves,1
burgundy,1
hank,1
moody,1
ceres,2
maintenance,1
lenni,1
lenape,1
graylyn,1
taj,2
mahal,2
glacial,1
manzanita,1
plains,1
dum,1
lebowski,1
strip,1
tanki,1
lingenfeld,1
jade,1
travel,2
agent,1
prostratus,1
law,2
protects,1
mccormick,1
pickrell,1
floydada,1
emcc,1
rodriguez,1
elementary,1
jury,2
walkway,1
olives,2
minnesota,1
terms,1
kikuyu,1
tombstone,1
ronan,1
emma,1
lazarus,1
poem,1
nissan,1
armada,1
hawkins,1
zach,1
roloff,1
fraley,1
kazembe,1
bellefontaine,1
fan,1
rockstar,1
gorgo,1
pen,1
clut,1
bonneville,1
donegan,1
aquifer,1
proton,1
cores,1
treviso,1
palm,1
hepburn,1
borglum,1
bust,1
tod,1
hoot,1
ajo,1
tipi,1
hellbender,1
sunrail,1
sens,1
pucker,1
finlandia,1
orphanage,1
fable,1
phillips,1
kelia,1
song,2
kerpen,1
fortifications,1
lot,1
sabetha,1
elba,1
northwest,1
transcripts,1
rit,1
spielberg,1
craig,1
tunne,1
fetterman,1
pirtle,1
fajardo,2
priya,1
cochin,1
mesa,1
duchess,1
hershey,1
splash,1
safari,1
playboy,1
clatskanie,1
cher,1
monterosso,1
angie,1
harmon,1
vivaldi,1
creamery,1
uci,1
dji,1
italian,1
alia,1
artwork,1
sewer,1
cochise,1
cleopatra,1
glendo,1
engstligenalp,1
carrizozo,1
groove,1
newhart,1
sasha,1
sanctuary,1
voss,1
eye,1
ear,1
dengue,1
fever,1
jin,1
hae,1
duty,1
olarra,1
landmass,1
lindberg,1
pickett,1
pom,1
klementieff,1
aaaaaaa,1
realty,1
set,1
haystacks,1
omar,1
aardvarks,1
lunar,1
red,1
2015,1
loong,1
jtl,1
lonesome,1
folk,1
taylor,1
drake,1
frazer,1
moloney,1
taipan,2
wakeman,1
pei,1
initial,1
soap,1
leafs,1
modell,1
walford,1
herefordshire,1
annabelle,1
funding,1
seniors,1
program,1
officer,1
insurance,1
scriptures,1
gibbs,1
griffith,1
magistrates,1
louisiana,1
crosse,1
chinamano,1
blairmont,1
sinclair,1
matlock,1
timber,1
shelton,1
cordoba,1
laundromat,1
minotola,1
dd5,1
tulips,1
petra,1
tunnel,1
owaffa,1
pea,1
berner,1
bluebells,1
hogs,1
ctr,1
desolation,1
monteverde,1
agnes,1
governors,1
jubal,1
uniworld,1
kapaa,1
nye,1
jeter,1
panay,1
gorman,1
buddha,1
acre,1
dresser,1
hwy,1
wyatt,1
odell,1
banos,1
colbert,1
stevens,1
zaza,1
longford,1
passo,1
fundo,1
thera,1
sterling,1
motto,1
denali,1
macclenny,1
russian,1
ballybunion,1
mina,1
term,2
flan,1
setting,1
shift,1
button,1
mercontrol,1
lever,1
cachi,1
ross,2
wye,1
wandana,1
lawley,1
battipaglia,1
lynn,1
odia,1
chai,1
wan,1
summerstage,1
mcnab,1
firing,1
bonita,1
oracle,1
hollywoodland,1
helen,1
copperfield,1
siena,1
orr,1
stem,1
treatment,1
torrey,1
pines,1
painting,1
sage,1
bois,1
arc,1
synchrony,1
dog,2
commonwealth,1
bateman,1
core,1
abraham,1
cola,1
dania,1
treasure,1
magpie,1
hands,1
brown,1
rex,1
abruzzo,1
storyland,1
bane,1
eyam,1
motcombe,1
chic,1
symbol,1
elon,1
strasburg,1
prosper,1
easley,1
angora,1
cranberries,1
cockatoo,1
capernaum,1
salkehatchie,1
loot,1
passengers,1
armistice,1
taibon,1
agordino,1
popcorn,1
sonny,1
barger,1
dalleagles,1
nephi,1
goonies,1
deposition,1
watermelon,1
tourmaline,1
winfrey,1
cleyic,1
vacherie,1
chatahoochee,1
sequoyah,1
aao,1
conference,1
amazonia,1
orphan,1
empire,1
canon,1
ellabell,1
claypool,1
chain,1
lakh,1
nash,1
bhuna,1
hunger,1
games,1
palmetto,1
correa,1
chamberlain,1
akumal,1
nixon,1
worland,1
longmire,1
witmer,1
arvin,1
rey,1
sup,1
arbor,1
cottingham,1
balkin,1
leroy,1
seymour,1
sabine,1
swidnica,1
magtheridon,1
ettelbruck,1
guemes,1
mohawks,1
puccini,1
baths,1
mining,1
disaster,1
tijeras,1
yardley,1
auroras,1
heimo,1
korth,1
hercules,1
word,2
nowak,1
heathcote,1
attapulgus,1
sade,1
carpenter,1
lemmon,1
teepee,1
catalina,1
oasis,1
humans,1
atlantis,1
iraan,1
dewar,1
zillah,1
evelyn,1
lozada,1
zte,1
degeneres,1
papai,1
running,1
bulls,1
cassis,1
raba,1
bickley,1
hatari,1
greenlake,1
bears,1
gort,1
dunia,1
fantasi,1
revenge,1
moored,1
mistletoe,1
rosharon,1
ligo,1
calima,1
loire,1
atkinson,1
nerja,1
hare,1
geranium,1
kassar,1
croatian,1
samoa,1
elements,1
worcestershire,1
kimora,1
simmons,1
sort,1
capricorn,1
rawson,1
tendonitis,1
salmon,1
guarana,1
deerfield,1
candia,1
kerr,1
sychar,1
ojibwa,1
zebras,1
ell,1
colditz,1
cosford,1
keeva,1
stalin,1
wales,1
olhao,1
xplor,1
use,1
countrys,1
