best,4
san,2
local,3
united,1
active,3
rare,1
deadly,1
blue,5
left,2
albert,1
elementary,4
grant,2
holy,1
last,7
mar,2
phantom,1
shawn,1
st,2
buzz,1
northern,3
nucor,1
micro,1
amber,1
david,6
general,5
mass,1
true,3
american,26
most,15
great,11
close,1
largest,9
roman,1
biggest,4
calico,1
modern,4
old,3
kailyn,1
lowest,8
tallest,2
anne,2
good,3
frank,1
sweet,1
hot,1
nyc,2
decanter,1
closest,8
glacial,1
pro,1
earthen,1
saharan,1
african,2
double,1
superior,3
approximate,2
sleepless,1
european,5
german,1
main,5
big,9
corporate,2
secret,1
digital,2
usaf,2
steak,1
highest,20
political,1
appalachian,1
black,5
respiratory,1
new,3
geographic,3
payless,2
solo,1
nevada,4
purple,1
volvo,1
south,3
major,5
present,5
cold,2
oceanfront,1
french,2
jewish,1
duncan,1
michael,5
international,4
coldest,3
least,2
sleepy,1
hilton,1
ancient,6
upper,3
royal,3
direct,2
surgical,1
atlantic,1
historic,3
philip,1
spanish,1
mohenjo,1
same,2
tolfdir,1
trachea,1
own,1
krusty,1
tony,3
leonard,1
norwegian,3
golden,4
light,2
common,2
juliet,1
clear,1
bottlenose,1
large,3
mule,1
positive,1
giant,4
japanese,4
reticulated,1
sandos,1
ramón,1
popular,1
brown,4
mary,4
wayuu,1
toucan,1
live,4
young,3
danny,3
safari,1
memorial,1
elite,2
federal,2
karl,2
lake,1
chinese,1
kilmoyler,1
wild,7
mountainous,1
continental,1
disney,2
nordstrom,1
uk,4
pc,1
first,18
ronald,2
paulcyn,1
sabrina,1
scilily,1
bald,1
original,5
ezekiel,1
medical,3
deped,1
dennis,1
dirty,2
sloppy,1
rental,1
kilkreath,1
ruins,1
grand,2
right,3
peripheral,1
shahrukh,1
northwest,1
leo,1
real,5
d,1
carol,1
free,1
tarrytown,1
60th,1
steve,2
oldest,2
natural,1
nether,1
notorious,1
venomous,1
toyota,4
central,3
sungard,1
nemiroff,1
grey,1
carib,1
round,1
hispanic,1
pertra,1
mr,1
rattle,1
pituitary,1
broomcorn,1
triple,1
boojer,1
elizabeth,2
preservative,1
parietal,1
second,1
christmas,1
native,2
sitic,1
audio,1
dish,1
mike,2
flush,1
future,2
miller,1
facsimile,1
christina,1
rememberer,1
green,4
skaal,1
pva,1
kathy,3
orbital,1
standard,1
longest,1
nuclear,1
wooly,1
normal,1
gross,1
urban,2
isla,1
kent,2
audi,1
convertible,1
spare,1
arnold,1
chez,1
kqrs,1
terri,1
pet,1
longneck,1
uzes,1
navy,1
nationwide,1
military,4
czech,1
thai,1
warm,6
hamish,1
cheap,2
magnetic,1
likely,3
median,1
shaun,1
pomsky,1
puppy,1
noah,1
driest,1
humid,1
tropical,2
margaret,1
imperial,1
southernmost,2
lateral,1
british,1
quick,1
greenlight,1
available,1
witbier,1
bonaria,1
babylonian,1
foreign,2
kilcher,1
charlie,1
collective,1
drum,1
other,1
baldassare,1
biblical,4
kevin,2
clinical,1
full,2
super,1
yousuf,1
tyler,1
english,1
pete,1
kirk,1
heian,1
hugh,1
guild,1
frontier,1
todd,1
l6,1
foster,1
mental,1
famous,3
fat,1
funeral,1
basic,2
coastal,1
plain,1
glencar,1
marine,2
senate,1
kate,1
mini,1
garlic,1
chris,1
red,1
pixar,2
optic,1
flula,1
elvis,2
occipital,1
mobile,2
oldsmobile,1
dolan,1
spindrift,1
nearest,2
pelagic,1
carnotaurus,1
long,2
southern,1
postal,1
nick,1
sheffield,1
shankari,1
jillian,1
elafonissi,1
senior,1
southwest,2
internal,1
salivary,1
worst,1
dark,1
espn,1
keith,1
radial,1
samsung,1
widest,1
white,3
anterior,1
dreamview,1
bacardi,1
coolest,1
bad,1
plymouth,1
male,1
indian,1
solar,1
top,1
plastic,2
tarkanian,1
naval,2
broad,1
terminal,1
actual,1
next,1
martha,1
violent,1
radioactive,1
convalescent,1
disposable,1
ruth,2
scared,1
straight,1
earliest,1
myopic,1
justin,1
western,2
yadier,1
alfred,1
final,1
sandy,1
heather,1
kavuni,1
widespread,1
riffenberg,1
marcelito,1
hepatic,1
celtic,1
burn,1
floorwax,1
alive,1
agricultural,1
elephant,1
tidal,1
late,1
twentieth,1
early,1
iconic,1
sternum,1
small,1
davis,1
southeast,1
csi,1
utama,1
prior,1
scatman,1
paul,1
castle,1
kiehl,1
secure,1
durant,1
ruby,1
fresh,1
slender,1
pacific,2
mayan,1
posterior,1
canker,1
upslope,1
psychological,1
wellness,1
willow,1
darkest,1
renfe,1
shortest,1
afb,1
ornate,1
daily,1
oaific,1
correctional,1
dipteracanthus,1
predaceous,1
michelle,1
castelveltrano,1
naomi,1
stihl,1
traditional,2
hunter,1
katharine,1
invasive,1
eastern,2
exact,2
1000th,1
mango,1
maple,1
national,1
slim,1
colonial,1
fajar,1
decorative,1
derek,1
goodfellow,1
lenny,1
jason,1
fred,1
stephen,1
turkish,1
moluccan,1
usc,1
special,1
alex,1
peterson,1
newest,1
cotler,1
marsh,1
irish,1
official,1
shawshank,1
ellen,1
puerto,1
costa,1
rowan,1
communist,1
smallest,1
geographical,1
different,1
fort,1
